iter	RMSE
0	1.12445182
1	1.095022127
2	1.065184413
3	1.037544901
4	1.012488384
5	0.9886345463
6	0.9668518623
7	0.9458919937
8	0.9258763777
9	0.9074462137
